//OK[46,45,44,43,42,41,40,39,38,37,36,35,34,33,32,31,30,29,28,27,26,25,24,23,22,21,20,19,18,17,16,15,14,13,12,11,10,9,8,7,6,5,4,3,2,45,1,["[Ljava.lang.String;/2600011424"," #14725# #person#[[det]] student to;%[[det]] student to;%[[det]] student;%[[adj]] student of;%[[det]] student where;%[[det]] student [[con]];%student [[con]];%[[adj]] student [[con]];%[[adj]] student;%[[prp]] student;%[[con]] student;%[[det]] student of;%student of;%[[det]] student [[det]];#person#0.799#35"," #25926# #person#under supervision;%under supervision;%under supervision of;%[[det]] supervision of;#person#0.929#24"," #4626# #person#had studied;%had studied;%has studied with;%also studied [[det]];%who studied with;%had studied with;%where studied with;%then studied with;%also studied under;%also studied with;%had studied under;%first studied under;%studied [[det]];%studied first;%studied with;%later studied under;%later studied;%studied later;%where studied under;%studied [[num]];%[[adj]] studied;%[[con]] studied;%where studied [[det]];%also studied [[con]];%where studied;%has studied [[con]];%[[con]] studied under;%[[con]] studied with;%then studied under;%first studied with;%also studied;%also studied as;%studied under;%studied as;%have studied with;%had studied [[adj]];%have studied under;%studied to;%[[num]] studied;%have studied;%later studied with;%has studied under;%studied there;%studied where;#person#0.684#31"," #14485# #person#[[det]] study;%[[det]] study;%[[adj]] study;%study [[con]];%[[con]] study;%[[prp]] study of;%to study [[con]];%study under;%s study of;%[[mod]] study with;%[[adj]] study of;%to study;%study of;%[[det]] study of;%[[mod]] study;%to study with;%study with;%[[mod]] study under;%to study under;#person#0.794#15"," #289617# #person#received under;%received under;#scientist#0.692#15"," #289355# #person#received [[prp]] wordnetPhueDue [[det]] supervision of;%received [[prp]] wordnetPhueDue [[det]] supervision of;#scientist#1.0#6"," #234# #person#worked where;%worked where;%formerly worked as;%worked along;%have worked as;%where worked along;%where worked as;%later worked [[con]];%also worked [[adj]];%mainly worked under;%then worked to;%[[con]] worked [[prp]];%who worked;%has worked by;%first worked with;%worked until;%worked with;%then worked from;%later worked;%received awards that gave [[pro]] [[det]] opportunity to continue [[prp]] studies in where worked with;%worked while;%[[num]] worked;%[[con]] worked;%whom worked;%while worked;%that worked along;%have worked with;%has worked from;%often worked with;%worked when;%where worked with;%worked before;%worked as;%who worked under;%then worked as;%also worked under;%worked there;%worked later;%then worked [[con]];%also worked along;%again worked;%also worked [[con]];%who worked with;%worked [[num]];%has worked among;%[[con]] worked as;%later worked as;%then worked along;%have worked under;%had worked with;%since worked [[con]];%had worked to;%again worked with;%worked first;%worked [[adj]];%also worked where;%worked after;%has worked together;%[[adj]] worked for;%worked among;%then worked before;%later worked to;%had worked;%worked mainly;%worked from;%also worked to;%worked [[con]];%where worked for;%had worked under;%later worked on;%worked under;%then worked [[adj]];%has worked;%also worked among;%where worked;%[[adj]] worked as;%has worked until;%which worked;%has worked under;%later worked with;%has worked [[con]];%also worked;%has worked with;%first worked to;%began singing [[con]] followed [[det]] stage career where worked with;%also worked by;%has worked along;%[[con]] worked mainly;%then worked under;%has worked again;%also worked as;%often worked;%worked [[det]];%also worked with;%[[num]] worked with;%[[det]] worked for;%worked by;%worked together;%worked mostly;%later worked under;%worked then;%worked again;%worked was;%has worked as;%that worked with;%since worked with;%also worked together;%worked to;%[[con]] worked later;%then worked where;%as worked;%s worked as;%[[con]] worked with;%then worked;%had worked before;%where worked under;%then worked with;%s worked on;#person#0.624#9"," #300# #person#met;%met;%worked as [[det]] assistant to [[det]] winter [[con]];#person#0.91#6"," #26620# #person#received under [[det]] supervision of;%received under [[det]] supervision of;%received under supervision of;#person#0.886#6"," #5942# #person#[[adj]] direction of;%[[adj]] direction of;%direction [[con]];%[[det]] direction;%[[det]] direction of;%under direction;%[[adj]] direction;#person#0.9#5"," #1381# #person#was studying with;%was studying with;%studying [[con]];%while studying;%is studying with;%currently studying;%was studying;%was studying under;%studying [[det]];%been studying;%been studying with;%studying with;%studying under;#person#0.738#6"," #289422# #person#received [[prp]] doctorate;%received [[prp]] doctorate;#person#0.617#7"," #685# #person#work by;%work by;%work under;%[[adj]] work of;%to work where;%to work [[num]];%by work;%to work [[con]];%to work under;%s work which;%work from;%work [[det]];%to work by;%[[adj]] work to;%[[det]] work [[adj]];%[[adj]] work on;%[[prp]] work in;%[[prp]] work as;%found work for;%work with;%found work with;%[[prp]] work with;%to work [[adj]];%work which;%[[num]] work of;%to work together;%for work;%to work after;%work as;%to work while;%[[adj]] work with;%s work [[adj]];%[[det]] work by;%[[det]] work to;%s work as;%s work;%of work;%to work again;%work of;%[[mod]] work;%[[det]] work;%whose work;%to work;%that work;%[[adj]] work [[con]];%done work;%to work as;%done work [[adj]];%work [[adj]];%[[con]] work;%[[prp]] work [[con]];%with work;%in work;%[[con]] work on;%s work with;%[[con]] work with;%to work among;%at work;%[[prp]] work on;%work to;%[[adj]] friends with [[adj]] members;%[[det]] work on;%[[mod]] work with;%found work as;%found work;%s work [[con]];%to work with;%[[det]] work of;%work [[con]];#person#0.774#5"," #25513# #person#studied [[adj]] physics;%studied [[adj]] physics;%studied physics;%where studied physics;#scientist#0.662#5"," #267625# #scientist#studied chemistry;%studied chemistry;#chemist#0.812#4"," #9258# #person#were awarded by;%were awarded by;%been awarded [[num]];%was awarded [[prp]];%was awarded with;%awarded [[pro]];%been awarded with;%was awarded;%[[con]] awarded;%was awarded as;%being awarded [[det]];%awarded to;%also awarded;%also awarded with;%which awarded;%[[num]] awarded;%was awarded [[num]];%is awarded by;#person#0.737#4"," #2132# #person#as assistant;%as assistant;%became assistant [[con]];%[[con]] assistant;%[[prp]] assistant;%became assistant;%[[det]] assistant [[con]];%[[det]] assistant of;%[[det]] assistant to;%[[adj]] assistant of;%assistant to;%s assistant;%[[adj]] assistant for;%[[det]] assistant for;%assistant of;%became assistant to;%[[adj]] assistant to;%[[adj]] assistant [[con]];%was assistant of;%was assistant;%[[det]] assistant;%[[adj]] assistant;#person#0.87#3"," #5347# #person#[[adj]] met;%[[adj]] met;%has met;%is met by;%where met with;%then met with;%that met;%has met [[con]];%also met;%met as;%had met through;%also met from;%[[con]] met [[con]];%first met;%met by;%met [[pro]];%met up;%had met when;%met [[prp]];%where met [[con]];%met [[det]];%first met [[det]];%first met when;%met again;%later met;%[[con]] met with;%had met;%[[con]] met up;%first met at;%whom met;%[[adj]] met while;%had met [[con]];%after met;%first met [[con]];%met with;%soon met;%has met with;%was met by;%had met with;%first met with;%[[adj]] met [[det]];%also met [[adj]];%who met;%met who;%have met [[con]];%met [[num]];%then met;%[[con]] met;%where met [[det]];%where met;%met while;%was met;%where met [[adj]];%also met with;%have met with;%met [[con]];%which met;%also met [[con]];%also met [[prp]];%had met [[det]];%[[pro]] met;%also met [[det]];%met when;%met [[adj]];%[[num]] met;%later met with;%had met while;%when met;%[[con]] met [[adj]];%[[det]] met;%soon met [[con]];%never met;%have met;%[[con]] met [[det]];%met where;%met through;%met after;#person#0.8#3"," #176935# #mathematician#earned [[prp]] wordnetPhueDue;%earned [[prp]] wordnetPhueDue;#person#0.8#3"," #85597# #person#[[det]] graduate student of;%[[det]] graduate student of;#scientist#0.8#3"," #38972# #person#wrote [[det]] dissertation on;%wrote [[det]] dissertation on;%wrote [[prp]] dissertation;%wrote [[prp]] dissertation on;#scholar#0.798#3"," #9578# #person#was influenced as;%was influenced as;%have influenced in;%were influenced by;%influenced [[con]];%was influenced [[con]];%also influenced;%[[adj]] influenced by;%[[adj]] influenced;%[[con]] influenced;%also influenced as;%was influenced [[prp]];%was influenced by;%be influenced by;%also influenced by;%been influenced;%have influenced;%been influenced by;%was influenced in;%influenced as;%influenced [[det]];%is influenced as;%is influenced by;%influenced by;%was influenced;#person#0.595#4"," #116# #person#joined then;%joined then;%been joined by;%soon joined [[con]];%[[con]] joined by;%joined to;%joined becoming;%was joined at;%joined by;%joined [[adj]];%then joined with;%joined along;%now joined;%when joined;%joined under;%[[det]] joined with;%while joined;%[[con]] joined [[con]];%also joined [[con]];%then joined as;%also joined by;%then joined under;%be joined by;%[[adj]] joined;%was joined as;%was joined [[con]];%where joined;%had joined up;%joined after;%later joined along;%as joined along;%had joined [[con]];%later joined with;%joined [[pro]];%joined when;%later joined [[con]];%joined up;%officially became [[adj]] generation member along;%joined as;%then joined along;%joined together;%were joined by;%where joined with;%again joined;%has joined with;%then joined [[con]];%after joined;%joined with;%was joined while;%soon joined by;%as joined;%[[con]] joined [[adj]];%is joined with;%who joined;%later joined while;%[[con]] joined;%joined where;%then joined by;%which joined;%joined s;%joined while;%since joined with;%had joined with;%joined [[prp]];%joined [[con]];%joined against;%also joined;%soon joined;%also joined with;%was joined by;%soon joined with;%have joined;%also joined along;%later joined by;%also joined as;%was joined;%was joined in;%until joined;#person#0.753#3"," #289596# #scientist#received under [[det]] guidance of;%received under [[det]] guidance of;#person#0.694#3"," #289630# #mathematician#received under direction of;%received under direction of;#scientist#1.0#2"," #148751# #scientist#completed [[prp]] doctorate;%completed [[prp]] doctorate;#scientist#1.0#2"," #343947# #person#worked under [[det]] guidance of;%worked under [[det]] guidance of;#person#1.0#2"," #15814# #person#had spent;%had spent;%spent as;%[[con]] spent;%spent [[con]];%spent on;%that spent;%where spent;%[[adj]] spent;#person#0.912#2"," #44072# #person#worked under direction of;%worked under direction of;%worked under [[det]] direction of;#person#0.905#2"," #7714# #person#[[det]] friendship with;%[[det]] friendship with;%[[adj]] friendship;%[[con]] friendship;%[[adj]] friendship with;%friendship with;%[[prp]] friendship with;%s friendship with;%[[prp]] friendship;#person#0.899#2"," #26027# #person#studied as [[det]] student of;%studied as [[det]] student of;%studied with [[det]] student of;%studied [[con]] [[det]] student of;%[[det]] student where studied under;%studied where [[det]] student of;#person#0.846#2"," #750# #person#[[det]] account of;%[[det]] account of;%[[adj]] account;%s account of;%[[adj]] account of;%[[adj]] account in;%account [[con]];%s account [[det]];%s account [[con]];%s account;%account of;%[[det]] account;#person#0.837#2"," #26223# #person#received from [[det]] thesis on;%received from [[det]] thesis on;%received [[prp]] thesis;#person#0.556#3"," #176918# #person#earned [[prp]] doctorate;%earned [[prp]] doctorate;#person#0.818#2"," #286876# #person#received from supervised by;%received from supervised by;#person#0.8#2"," #313995# #person#vol;%vol;#person#0.797#2"," #4956# #person#involved [[con]];%involved [[con]];%been involved with;%was involved [[con]];%that involved;%involved with;%became involved;%was involved by;%became involved after;%become involved in;%later involved with;%be involved;%became involved [[con]];%also involved by;%is involved;%was involved when;%was involved to;%involved as;%become involved;%was involved in;%was involved;%becomes involved in;%involved in;%which involved;%became involved as;%was involved [[det]];%was involved with;%get involved;%also involved as;%been involved by;%been involved;%not involved;%also involved;%[[con]] involved;%involved [[pro]];%becomes involved with;%become involved with;%been involved [[con]];%more involved;%is involved [[con]];%became involved with;#person#0.785#2"," #1786# #person#is seen [[adj]];%is seen [[adj]];%be seen [[con]];%had seen to;%was seen with;%is seen to;%be seen with;%ever seen;%then seen;%also seen [[adj]];%be seen by;%also seen with;%had seen since;%is seen by;%[[det]] seen;%was seen by;%often seen as;%had seen in;%had seen [[prp]];%be seen to;%first seen;%seen as;%be seen [[adj]];%as seen when;%[[adj]] seen when;%was seen to;%have seen;%often seen;%[[adj]] seen with;%had seen;%was seen;%not seen;%s seen;%was seen [[adj]];%be seen;%be seen in;%[[adj]] seen at;%first seen in;%[[adj]] seen;%[[con]] seen;%was seen as;%been seen;%seen since;%later seen;%is seen as;%as seen;%is seen;%never seen;%be seen as;%[[adj]] seen by;%also seen;%also seen [[det]];%had seen [[det]];%that seen;%had seen [[con]];%been seen with;%is seen with;#person#0.777#2"," #17337# #person#which shared;%which shared;%also shared;%had shared [[num]];%[[con]] shared;%shared [[det]];%shared [[num]];%shared [[adj]];%which shared with;%[[con]] shared with;%has shared;%had shared with;%shared [[con]];%has shared [[det]];%shared with;%that shared;%also shared with;#person#0.771#2"," #268681# #physicist#studied mathematics [[con]];%studied mathematics [[con]];#person#0.75#2"," #267861# #person#studied mathematics [[con]] physics;%studied mathematics [[con]] physics;#person#0.714#2"," #3680# #person#joined [[det]] [[adj]] group with;%joined [[det]] [[adj]] group with;%joined [[det]] group [[con]];%joined [[det]] [[adj]] group of;%joined group;%joined [[det]] group [[adj]];%joined [[det]] [[adj]] group along;%joined [[det]] group with;%joined [[det]] group;%joined [[det]] group of;#person#0.695#2"," #20825# #person#moved where wrote [[prp]] [[adj]] dissertation [[con]] was influenced by;%moved where wrote [[prp]] [[adj]] dissertation [[con]] was influenced by;%wrote [[prp]] [[adj]] dissertation [[con]] was influenced by;#person#0.333#4"," #267428# #person#succeeded;%succeeded;#person#0.649#2"," #313134# #person#shifted [[prp]] studies lectures by;%shifted [[prp]] studies lectures by;#scientist#0.333#2"],0,7]