//OK[87,86,85,84,83,82,81,80,79,78,77,76,75,74,73,72,71,70,69,68,67,66,65,64,63,62,61,60,59,58,57,56,55,54,53,52,51,50,49,48,47,46,45,44,43,42,41,40,39,38,37,36,35,34,33,32,31,30,29,28,27,26,25,24,23,22,21,20,19,18,17,16,15,14,13,12,11,10,9,8,7,6,5,4,3,2,86,1,["[Ljava.lang.String;/2600011424"," #2586# #person#[[num]] professor at;%[[num]] professor at;%was professor of;%is professor [[con]];%[[det]] professor;%made professor at;%became professor [[con]];%[[adj]] professor [[con]] professor at;%[[adj]] professor;%was professor at;%[[det]] professor of;%as professor in;%currently professor;%[[det]] professor at;%[[con]] professor of;%currently professor of;%professor [[det]];%professor in;%professor at;%[[adj]] professor in;%was professor in;%[[con]] professor [[det]];%[[adj]] professor for;%been professor of;%[[det]] professor in;%[[num]] professor of;%[[adj]] professor of;%been professor in;%is professor at;%currently professor [[con]];%was professor [[num]];%was professor [[con]];%was professor;%[[det]] professor [[con]];%is professor in;%professor [[con]];%professor of;%[[det]] professor from;%was professor [[det]];%[[adj]] professor [[num]];%became professor at;%[[det]] professor [[det]];%been professor at;%became professor;%made professor in;%[[det]] professor to;%[[det]] professor [[num]];%was professor from;%[[det]] professor [[adj]];%[[con]] professor at;%is professor of;%[[adj]] professor [[det]];%was professor for;%[[adj]] professor at;%became professor of;%[[con]] professor in;%[[adj]] professor [[con]];#organization#0.792#80#true"," #381# #person#be appointed of;%be appointed of;%[[con]] appointed as;%later appointed as;%was appointed before;%was appointed at;%[[det]] appointed;%[[con]] appointed [[pro]];%[[con]] appointed to;%then appointed [[num]];%was appointed [[det]];%[[con]] appointed of;%also appointed on;%appointed first;%being appointed at;%also appointed of;%had appointed to;%was appointed was;%also appointed [[det]];%was appointed [[adj]];%was appointed for;%of appointed;%nominated to serve as [[det]] judge of;%was appointed to;%also appointed to;%also appointed at;%was appointed as;%was appointed of;%later appointed of;%is appointed [[det]];%being appointed of;%again appointed to;%was appointed when;%instead appointed [[pro]];%appointed to;%is appointed [[con]];%then appointed [[pro]];%first appointed to;%appointed [[pro]];%also appointed [[con]];%is appointed at;%been appointed at;%being appointed to;%was appointed in;%been appointed in;%also appointed in;%then appointed at;%then appointed to;%also appointed as;%later appointed [[pro]];%was appointed on;%be appointed to;%then appointed [[adj]];%was appointed [[con]];%been appointed as;%later appointed at;%is appointed of;%[[adj]] appointed to;%later appointed [[det]];%was appointed [[num]];%again appointed of;%been appointed of;%then appointed of;%be appointed at;%appointed for;%been appointed for;%appointed of;%[[adj]] appointed as;%appointed [[prp]];%been appointed to;%being appointed as;%been appointed [[con]];%appointed at;#organization#0.769#25#true"," #4567# #person#[[adj]] served at;%[[adj]] served at;%also served of;%[[con]] served for;%had served at;%later served [[con]];%had served with;%has served as;%formerly served to;%[[det]] served;%[[adj]] served for;%[[num]] served as;%later served [[adj]];%has served for;%[[num]] served for;%[[num]] served in;%again served with;%[[con]] served at;%also served until;%has served [[con]];%had served as;%twice served as;%[[con]] served with;%also served;%has served where;%again served to;%later served at;%also served in;%later served on;%has served [[adj]];%[[num]] served on;%served from;%then served at;%served now;%then served in;%of served;%first served in;%served on;%when served with;%[[con]] served in;%served before;%served later;%served in;%then served [[det]];%later served with;%where served with;%later served for;%was served as;%had served [[det]];%has served on;%first served with;%had served on;%also served [[num]];%also served [[con]];%served [[det]];%formerly served for;%served becoming;%then served before;%has served at;%served of;%formerly served in;%served again;%[[con]] served on;%who served in;%then served on;%also served with;%formerly served at;%served [[num]];%[[adj]] served on;%also served as;%served at;%has served before;%served first;%twice served in;%has served with;%had served in;%has served until;%where served in;%served then;%also served at;%served as;%also served [[det]];%who served as;%then served with;%also served for;%has served in;%[[det]] served in;%then served to;%has served to;%served with;%has served [[det]];%later served as;%[[pro]] served in;%[[con]] served [[det]];%later served in;%then served for;%also served on;%served for;%has served;%also served from;%served to;%also served to;%[[adj]] served as;%who served [[con]];%served [[con]];%served [[adj]];%served there;%also served [[adj]];%have served in;%who served with;#organization#0.715#26#true"," #1023# #person#joined then;%joined then;%then joined on;%joined de;%joined side;%joined to;%joined becoming;%had joined;%had joined from;%joined now;%again joined [[det]];%was joined at;%who joined from;%[[con]] joined of;%joined [[adj]];%joined of;%then joined with;%later joined at;%has joined [[det]];%had joined side;%when joined;%joined before;%until joined [[det]];%of joined;%first joined;%first joined [[det]];%joined which;%[[con]] joined from;%[[adj]] joined;%joined from;%when joined [[det]];%where joined;%then joined of;%then joined then;%joined after;%was joined on;%joined [[pro]];%joined at;%joined when;%joined who;%later joined [[con]];%with joined;%instead joined;%instead joined [[det]];%before joined;%later joined;%then joined [[det]];%[[num]] joined [[det]];%joined that;%joined for;%where joined [[det]];%had joined [[det]];%while joined [[det]];%again joined;%joined [[num]];%[[pro]] joined [[det]];%was joined [[det]];%who joined [[det]];%joined later;%then joined [[con]];%later joined [[det]];%then joined [[adj]];%also joined [[det]];%with joined [[det]];%as joined;%[[con]] joined [[adj]];%[[adj]] joined [[det]];%who joined;%[[con]] joined;%has joined;%then joined [[num]];%first joined [[con]];%[[con]] joined [[det]];%[[con]] joined at;%joined s;%have joined [[det]];%then joined side;%joined [[prp]];%had joined of;%soon joined;%joined [[det]];%joined was;%then joined;%then joined to;%was joined in;%soon joined [[det]];%joined on;%until joined;#organization#0.818#20#true"," #4360# #person#has worked to;%has worked to;%then worked for;%has worked for;%also worked [[det]];%later worked [[con]];%also worked from;%first worked at;%[[con]] worked again;%first worked for;%also worked [[adj]];%has worked [[con]];%again worked for;%[[num]] worked for;%s worked with;%also worked at;%worked at;%also worked;%worked until;%had worked as;%who worked for;%formerly worked for;%worked out;%also worked for;%worked also;%have worked at;%since worked for;%first worked;%later worked at;%also worked as;%[[con]] worked at;%worked [[det]];%worked when;%[[con]] worked [[con]];%worked before;%worked for;%then worked as;%worked there;%had worked for;%had worked at;%had worked in;%has worked [[det]];%worked mostly;%also worked [[con]];%worked then;%worked [[prp]];%worked was;%worked [[num]];%s worked;%[[con]] worked as;%had worked out;%later worked as;%later worked for;%since worked with;%then worked at;%[[con]] worked for;%first worked [[con]];%worked first;%worked [[adj]];%[[adj]] worked at;%who worked at;%[[pro]] worked with;%then worked before;%later worked to;%worked from;%worked mainly;%who worked in;%worked [[con]];%has worked at;%that worked for;%s worked for;%later worked on;%then worked;%has worked;#organization#0.741#20#true"," #1881# #person#then returned in;%then returned in;%returned [[det]];%returned [[con]];%[[det]] returned to;%[[con]] returned at;%returned against;%then returned for;%before returned to;%then returned;%returned to;%returned [[num]];%was returned by;%since returned to;%again returned to;%then returned at;%later returned;%was returned [[con]];%is returned to;%then returned where;%again returned [[con]];%returned at;%returned for;%[[num]] returned to;%[[con]] returned on;%returned on;%returned again;%returned was;%which returned to;%while returned to;%then returned with;%be returned to;%later returned to;%has returned to;%returned [[pro]];%then returned to;%returned with;%returned once;%until returned to;#organization#0.871#17#false"," #3979# #person#joined [[det]] [[adj]] faculty at;%joined [[det]] [[adj]] faculty at;%also joined [[det]] faculty of;%later joined [[det]] faculty of;%then joined [[det]] faculty of;%joined [[det]] faculty;%then joined [[det]] faculty at;%joined [[det]] faculty at;%joined [[det]] faculty of;#university#0.867#17#true"," #227073# #person#joined;%joined;#organization#0.904#15#true"," #5192# #person#received [[pro]];%received [[pro]];%also received [[prp]];%later received [[prp]];%has received;%[[det]] received from;%also received [[num]];%had received in;%received [[prp]];%received of;%also received [[det]];%then received [[con]];%received to;%later received [[con]];%received from;%also received to;%then received at;%[[con]] received [[det]];%then received from;%[[con]] received in;%received [[num]];%received [[con]];%[[adj]] received from;%has received [[det]];%who received;%also received from;%also received [[con]];%received more;%then received [[prp]];%where received in;%has received [[adj]];%had received [[det]];%[[con]] received [[prp]];%had received;%later received in;%received by;%has received in;%received at;%also received in;%[[con]] received at;%has received [[con]];%later received at;%then received in;%has received [[num]];%[[det]] received;%never received [[det]];%then received;%later received [[det]];%which received [[det]];%received as;%was received into;%later received from;%has received from;%received [[det]];%also received at;%received [[adj]];%where received from;%has received at;%received in;%[[con]] received from;#organization#0.743#17#false"," #5635# #person#had graduated from;%had graduated from;%also graduated from;%was graduated in;%[[con]] graduated from;%who graduated at;%who graduated from;%where graduated from;%was graduated from;%graduated [[con]];%graduated at;%graduated [[det]];%then graduated at;%graduated [[num]];%[[pro]] graduated from;%[[num]] graduated from;%has graduated from;%was graduated;%then graduated from;%graduated [[adj]];%also graduated at;%later graduated from;%later graduated;%was graduated [[con]];%graduated to;%was graduated now;%graduated now;%graduated from;%[[con]] graduated at;%graduated then;%graduated as;#organization#0.841#10#false"," #70# #person#taught at;%taught at;%first taught at;%also taught to;%taught [[adj]];%has taught [[det]];%later taught;%has taught as;%[[con]] taught at;%also taught at;%taught [[con]];%has taught;%also taught as;%had taught at;%taught from;%taught [[det]];%taught [[num]];%then taught at;%later taught at;%also taught [[det]];%has taught [[con]];%has taught at;%recently retired professor emeritus prior to had taught at;%has taught for;%also taught [[con]];#university#0.551#14#true"," #6129# #person#[[con]] entered;%[[con]] entered;%was entered at;%first entered;%when entered;%entered [[det]];%where entered [[det]];%entered after;%entered to;%first entered [[det]];%[[det]] entered;%entered at;%also entered;%[[con]] entered [[det]];%entered [[adj]];%when entered [[det]];%entered [[con]];%then entered;%later entered [[det]];%had entered [[det]];%had entered;%entered for;%later entered;%entered into;%then entered [[det]];#organization#0.845#9#false"," #31281# #person#was appointed professor at;%was appointed professor at;%was appointed as [[adj]] professor at;%was appointed [[det]] [[adj]] professor at;%was appointed professor [[con]];%was appointed professor;%was appointed professor in;%was appointed [[det]] professor at;%was appointed as [[det]] professor at;%was appointed [[adj]] professor in;%was appointed [[adj]] professor at;%was appointed professor of;#organization#0.912#7#true"," #451# #person#attended [[num]];%attended [[num]];%have attended [[det]];%attended [[det]];%[[adj]] attended at;%also attended;%first attended;%attended now;%later attended now;%while attended;%attended from;%where attended;%also attended [[det]];%later attended of;%has attended;%when attended [[det]];%then attended at;%had attended;%[[pro]] attended;%attended at;%year before going to;%[[num]] attended;%[[det]] attended;%have attended;%also attended now;%later attended [[con]];%where attended [[det]];%also attended from;%had attended [[con]];%[[con]] attended [[con]];%attended to;%later attended at;%then attended;%[[con]] attended at;%attended of;%has attended [[con]];%attended s;%[[adj]] attended;%later attended [[det]];%attended [[adj]];%then attended [[con]];%[[con]] attended;%who attended;%also attended at;%[[con]] attended [[det]];%also attended for;%also attended [[con]];%who attended [[det]];%had attended [[det]];%later attended;%attended before;%[[adj]] attended [[det]];%has attended [[det]];%then attended now;%attended [[con]];%then attended of;%attended later;%attended then;%first attended [[det]];%then attended [[det]];#organization#0.865#7#false"," #4579# #person#first studied [[con]];%first studied [[con]];%[[con]] studied at;%studied then;%also studied at;%studied [[adj]];%has studied at;%studied [[num]];%later studied at;%studied at;%first studied;%had studied at;%then studied at;#university#0.68#8#false"," #6130# #person#enrolled as;%enrolled as;%then enrolled in;%then enrolled at;%where enrolled in;%enrolled at;%was enrolled in;%enrolled in;%later enrolled at;%later enrolled;%later enrolled in;%[[con]] enrolled;%also enrolled at;%[[con]] enrolled in;%enrolled [[det]];%enrolled [[con]];%was enrolled;%also enrolled in;%was enrolled at;%where enrolled at;%[[con]] enrolled at;%was enrolled as;#organization#0.896#6#false"," #1875# #person#had retired from;%had retired from;%[[con]] retired from;%is retired from;%[[det]] retired in;%when retired from;%was retired from;%retired from;%is retired;%retired [[det]];%[[det]] retired;%retired by;%until retired from;%retired at;%retired when;%retired as;%retired with;%retired [[con]];#organization#0.882#6#true"," #4969# #person#was hired by;%was hired by;%hired by;%then hired in;%being hired by;%hired from;%was hired [[det]];%been hired by;%also hired by;%hired on;%was hired on;%was hired for;%was hired from;%later hired at;%then hired by;%later hired by;%then hired as;%hired at;%was hired as;%hired for;%was hired at;#organization#0.874#6#true"," #2270# #person#been awarded [[con]];%been awarded [[con]];%been awarded from;%been awarded;%[[num]] awarded by;%then awarded [[det]];%was awarded [[det]];%awarded by;%also awarded from;%also awarded [[det]];%been awarded [[adj]];%[[adj]] awarded by;%be awarded;%also awarded by;%was awarded;%been awarded at;%was awarded from;%be awarded [[det]];%also awarded;%was awarded of;%was awarded [[adj]];%[[det]] awarded;%was awarded to;%is awarded by;%was awarded [[con]];%also awarded at;%awarded [[num]];%was awarded by;%awarded with;%was awarded [[prp]];%awarded [[pro]];%awarded [[det]];%being awarded [[det]];%been awarded [[det]];%was awarded at;%be awarded by;%later awarded from;%[[det]] awarded by;%been awarded by;%were awarded from;%was awarded [[num]];%were awarded [[det]];#organization#0.823#6#false"," #5937# #person#also director of;%also director of;%became director;%director at;%[[det]] director at;%[[det]] director;%[[adj]] director at;%[[det]] director [[det]];%is director [[det]];%[[adj]] director [[con]];%is director at;%[[det]] director for;%become director of;%[[con]] director of;%[[adj]] director for;%director for;%became director at;%is director [[con]];%director to;%was director;%became director of;%[[con]] director [[det]];%as director of;%director of;%[[det]] director of;%became director for;%became director [[det]];%was director [[det]];%was director of;%director [[det]];%become director at;%was director for;%[[adj]] director of;%[[adj]] director [[det]];%is director of;%[[det]] director on;%[[adj]] director [[num]];%is director for;%become director;%[[det]] director [[con]];%was director [[con]];%then director of;%was director at;#organization#0.798#6#true"," #17913# #person#remained at;%remained at;%has remained;%remained with;%[[con]] remained at;%also remained [[adj]];%remained there;%has remained [[adj]];%remained to;%has remained at;%remained of;%also remained of;%has remained with;%remained on;%remained for;%remained before;%remained [[det]];#organization#0.886#5#true"," #3389# #person#[[con]] left [[det]];%[[con]] left [[det]];%[[con]] left to;%soon left to;%left when;%was left with;%then left;%had left for;%left take;%since left;%then left for;%left [[det]];%have left [[det]];%so left;%then left to;%who left [[det]];%left for;%[[det]] left of;%had left [[adj]];%when left [[det]];%left [[adj]];%left is;%soon left [[det]];%since left [[det]];%also left;%left at;%left go;%had left [[det]];%later left [[det]];%just left;%left [[con]];%never left [[det]];%left s;%left while;%has left [[det]];%left as;%left of;%had left;%left [[num]];%has left [[con]];%has left;%then left [[det]];%then left [[con]];%just left for;%[[det]] left;%had left [[con]];%was left out;%left to;%later left for;%later left;%left because;%[[num]] left;#organization#0.864#5#true"," #2578# #person#[[det]] mathematics professor at;%[[det]] mathematics professor at;%[[det]] professor of mathematics at;%is professor of mathematics at;%was professor of mathematics in;%was professor of mathematics at;%became professor of mathematics at;%[[adj]] professor of mathematics at;#organization#0.864#5#true"," #5716# #person#moved up;%moved up;%moved back;%moved for;%moved as;%then moved back;%moved onto;%moved again;%then moved [[con]];%again moved to;%who moved from;%[[con]] moved on;%moved before;%moved at;%then moved [[det]];%then moved into;%moved over;%moved after;%was moved as;%moved into;%moved [[prp]];%then moved;%then moved onto;%then moved up;%then moved with;%moved with;%[[adj]] moved;%later moved with;%[[det]] moved to;%moved across;%later moved on;%moved by;%moved there;%then moved for;%as moved to;%had moved on;%then moved to;%has moved from;%then moved over;%then moved [[num]];%when moved from;%then moved then;%while moved to;%then moved in;%later moved at;%then moved on;%moved [[det]];%was moved back;%soon moved on;%was moved to;%was moved after;%has moved on;%[[det]] moved;%then moved at;%as moved;%was moved for;%before moved to;%moved on;%moved [[con]];%moved [[adj]];#organization#0.779#5#true"," #25366# #person#stayed on;%stayed on;%stayed at;%stayed with;%stayed when;%stayed before;%stayed for;%stayed there;%stayed until;%stayed as;#organization#0.925#4#true"," #747# #person#was working at;%was working at;%[[adj]] working;%[[det]] working;%currently working at;%currently working for;%been working [[det]];%[[num]] working for;%in working with;%also working for;%currently working as;%working at;%[[adj]] working for;%currently working from;%is working at;%then working for;%still working for;%while working for;%currently working;%now working at;%be working for;%now working as;%currently working in;%currently working towards;%was working as;%while working at;%is working as;%is working;%was working for;%at working;%been working at;%in working for;%working for;%[[det]] working at;%now working for;%is working for;%been working for;#organization#0.906#4#true"," #17760# #person#matriculated at;%matriculated at;%matriculated from;%[[con]] matriculated at;%matriculated [[con]];%matriculated to;#organization#0.891#4#false"," #14# #person#is president [[con]];%is president [[con]];%been president [[det]];%president [[det]];%is president [[det]];%[[con]] president of;%also president [[con]];%became president;%also president of;%[[det]] president of;%president of;%was president of;%is president;%been president of;%also president;%was president [[det]];%[[det]] president [[con]];%was president [[num]];%also nominated [[num]] people who confirmed by;%became president [[det]];%[[det]] president;%as president of;%[[det]] president [[det]];%became president of;%also president [[det]];%is president of;%then president of;%[[adj]] president at;%became president [[con]];%was president at;%[[det]] president [[adj]];%been president [[con]];%[[adj]] president for;%is president in;%[[adj]] president [[num]];%[[adj]] president of;%[[adj]] president [[det]];%becoming president of;%became president at;%[[num]] president of;%become president of;%president [[con]];%[[adj]] president [[con]];%become president;%then president [[det]];%also president in;%was president [[con]];%[[det]] president which;%was president;#organization#0.856#4#true"," #82# #person#to join;%to join;%became head of;%[[mod]] join up;%[[adj]] head [[det]];%[[mod]] join [[adj]];%to head;%became head at;%[[det]] head in;%[[mod]] join;%was head [[det]];%is head of;%head of;%was head [[con]];%[[adj]] head of;%[[det]] matter to prevent [[det]] issue [[prp]] position as;%become head of;%was head at;%then head of;%to join [[num]];%[[adj]] head;%to head at;%to join [[adj]];%became head for;%made head at;%become head at;%as head of;%[[det]] head [[con]];%was head of;%to join at;%was head;%was head to;%made head of;%became head [[det]];%[[det]] head at;%[[det]] join;%[[det]] head [[det]];%to join [[det]];%[[adj]] head [[con]];%head to;%later join [[det]];%to head [[det]];%is head [[det]];%[[adj]] head at;%[[det]] head of;%[[mod]] join [[det]];%to join up;%was head for;%[[mod]] join at;%[[con]] head of;%head at;%became head;%is head at;%[[det]] head;#organization#0.849#4#true"," #5067# #person#[[det]] work for;%[[det]] work for;%to work [[adj]];%[[mod]] work for;%[[det]] work [[con]];%s work for;%done work for;%work from;%work at;%to work among;%to work from;%[[adj]] work for;%to work [[det]];%work for;%found work at;%later work with;%[[adj]] work in;%[[mod]] work at;%[[det]] work in;%[[prp]] work at;%s work at;%[[adj]] work at;%[[adj]] work as;%to work for;%found work for;%to work at;#organization#0.848#4#true"," #11201# #person#[[det]] rector of;%[[det]] rector of;%was rector of;%became rector of;%[[con]] rector of;%was rector;%[[adj]] rector of;%[[adj]] rector;%was rector at;%rector of;#organization#0.829#4#true"," #217142# #person#left;%left;#organization#0.642#5#false"," #177106# #person#entered;%entered;#organization#0.975#3#false"," #17000# #person#spent [[num]];%spent [[num]];%spent [[det]];%has spent;%then spent most;%spent [[adj]];%spent most;%has spent most;%spent at;%spent part;%spent with;%spent [[prp]];%[[con]] spent [[num]];%also spent [[num]];%also spent part;#organization#0.728#4#true"," #36961# #person#to join [[det]] faculty at;%to join [[det]] faculty at;%to join [[det]] faculty of;#organization#0.933#3#true"," #8881# #person#[[adj]] member from;%[[adj]] member from;%[[adj]] member [[con]];%[[det]] member until;%[[det]] member which;%[[adj]] member at;%[[det]] member as;%also member [[con]];%[[det]] member [[adj]];%[[adj]] member [[adj]];%[[det]] member s;%[[det]] member;%[[det]] member has;%[[det]] member [[det]];%was member in;%[[det]] member when;%member of;%was member [[con]];%was member at;%was member of;%member in;%[[adj]] member in;%[[adj]] member as;%[[adj]] member for;%is member [[det]];%member [[det]];%was member [[num]];%[[det]] member for;%also member of;%was member [[det]];%[[adj]] member [[det]];%[[adj]] member [[num]];%[[det]] member [[con]];%[[num]] member of;%[[con]] member of;%was member for;%is member [[con]];%[[adj]] member of;%[[adj]] member during;%member [[num]];%became member [[det]];%[[det]] member of;%[[con]] member [[con]];%[[det]] member from;%[[det]] member who;%is member of;%became member for;%of member;%[[adj]] member on;%[[det]] member at;%[[det]] member on;%became member of;%[[con]] member [[det]];%[[det]] member to;%[[det]] member [[num]];%as member of;#organization#0.686#4#true"," #35934# #person#took [[det]] position as;%took [[det]] position as;%took up [[det]] position;%took up [[adj]] position at;%took up [[det]] position at;%took [[det]] position at;%then took [[det]] position at;%took [[det]] position for;%took up [[det]] position with;%took up [[prp]] position as;%took up [[det]] position of;%took [[det]] position with;%took [[det]] [[adj]] position at;%took [[det]] [[adj]] position with;%then took [[det]] [[adj]] position at;#organization#0.879#3#true"," #30032# #person#accepted [[det]] position as;%accepted [[det]] position as;%then accepted [[det]] position at;%accepted [[det]] position [[det]];%accepted [[det]] position with;%accepted [[det]] position;%accepted [[det]] position of;%accepted [[det]] [[adj]] position at;%has accepted [[det]] position at;%accepted [[det]] position at;%accepted [[det]] position [[con]];%accepted [[det]] position for;#organization#0.874#3#true"," #1570# #person#[[det]] visiting professor;%[[det]] visiting professor;%was visiting professor in;%[[det]] visiting professor from;%been visiting professor at;%[[det]] visiting [[con]] visiting professor at;%[[adj]] visiting professor at;%[[det]] visiting professor [[det]];%was visiting professor at;%is visiting professor of;%[[det]] visiting professor at;%[[det]] visiting professor for;%[[det]] visiting professor [[con]];%[[det]] visiting [[con]] [[adj]] professor at;%[[det]] visiting [[adj]] professor at;%[[det]] visiting professor of;%is visiting professor at;%was visiting [[adj]] professor at;%been visiting professor [[con]];%visiting professor at;%[[det]] visiting professor in;#organization#0.649#4#true"," #19417# #person#first came to;%first came to;%also came to;%came at;%came under;%came through;%first came at;%first came as;%came back;%came to;%came was;%who came to;%then came to;%came against;%came over;%first came in;%who came from;%first came with;%[[det]] came;%came on;%came from;%when came to;%also came [[adj]];#organization#0.858#3#false"," #5592# #person#founded of;%founded of;%founded [[prp]];%later founded [[det]];%founded for;%founded at;%founded [[num]];%founded was;%had founded;%[[adj]] founded;%has founded [[det]];%in founded;%also founded [[det]];%also founded at;%founded [[adj]];%then founded [[det]];%[[con]] founded;%with founded [[det]];%founded [[con]];%later founded;%has founded [[con]];%then founded for;%founded [[det]];%founded as;%[[con]] founded [[det]];%also founded for;%founded from;%founded now;%founded which;%who founded;%founded to;%had founded [[det]];%then founded;%also founded;#organization#0.842#3#true"," #268223# #scientist#taught physics at;%taught physics at;#organization#0.833#3#true"," #14490# #person#[[det]] study;%[[det]] study;%to study [[adj]];%[[adj]] study at;%to study;%study of;%to study [[det]];%[[mod]] study;%to study for;%[[mod]] study at;%to study at;%to study [[con]];%study at;#organization#0.833#3#false"," #6151# #person#twice elected of;%twice elected of;%elected by;%elected from;%[[adj]] elected [[num]];%twice elected to;%again elected as;%been elected to;%again elected to;%later elected for;%was elected by;%then elected to;%later elected [[det]];%[[con]] elected as;%is elected by;%was elected [[con]];%be elected of;%being elected [[det]];%[[adj]] elected for;%also elected in;%was elected to;%was elected in;%elected of;%was elected [[det]];%being elected to;%then elected as;%also elected to;%also elected of;%been elected [[det]];%was elected again;%[[adj]] elected to;%was elected of;%[[det]] elected [[det]];%been elected [[con]];%also elected [[det]];%also elected as;%elected at;%elected to;%[[det]] elected of;%ever elected to;%[[num]] elected [[det]];%be elected to;%was elected for;%was elected at;%is elected to;%later elected to;%been elected of;%being elected of;%was elected on;%was elected as;%is elected of;%elected as;%was elected [[num]];%been elected as;#organization#0.826#3#true"," #5723# #person#again named in;%again named in;%was named by;%named to;%be named of;%be named [[det]];%later named of;%named of;%was named on;%been named of;%was named [[con]];%also named to;%was named to;%being named of;%named as;%was named at;%also named [[det]];%been named to;%been named in;%been named [[det]];%been named as;%again named as;%been named [[con]];%is named of;%again named [[det]];%also named in;%of named;%was named for;%named by;%was named as;%was named of;%[[det]] named;%was named with;%twice named;%again named by;%named [[det]];%is named by;%been named by;%later named [[det]];%named at;%was named [[det]];%were named as;%is named as;%also named of;%also named for;%again named;%been named at;%also named [[con]];%also named at;%was named in;%then named [[det]];#organization#0.81#3#true"," #12506# #person#was employed for;%was employed for;%currently employed by;%was employed [[con]];%was employed on;%had employed;%employed [[pro]];%was employed by;%employed by;%currently employed as;%been employed by;%employed with;%also employed by;%is employed by;%been employed at;%currently employed with;%been employed as;%was employed as;%is employed at;%employed as;%was employed;%employed at;%was employed with;%was employed at;%currently employed at;#organization#0.786#3#true"," #5152# #person#received [[det]] degree in;%received [[det]] degree in;%received [[det]] degree [[con]];%[[con]] received [[det]] degree from;%received [[prp]] degree from;%received [[prp]] [[adj]] degree from;%received [[det]] [[adj]] degree at;%received [[det]] degree [[det]];%received [[con]] [[adj]] degree from;%received [[det]] [[adj]] degree from;%received degree from;%received [[prp]] degree [[det]];%received [[det]] degree at;%received [[pro]] degree from;%has received [[det]] degree from;%later received degree from;%had received [[det]] degree from;%received [[con]] [[det]] degree from;%later received [[prp]] degree from;%received [[det]] [[con]] degree from;%received [[prp]] degree at;%received [[det]] [[adj]] degree [[con]];%later received [[det]] degree from;%received degree in;%received [[det]] degree from;%received [[prp]] [[adj]] degree at;%received [[con]] degree from;%received degree [[con]];%received degree at;%also received [[prp]] degree from;%received [[prp]] [[adj]] degree in;%also received [[det]] [[adj]] degree from;%received degree;%later received [[det]] [[adj]] degree from;%also received [[det]] degree from;%received [[prp]] degree [[con]];%received [[pro]] [[adj]] degree from;%also received degree from;%received [[prp]] degree in;%received [[pro]] [[adj]] degree at;#university#0.784#3#false"," #17344# #person#also serves [[det]];%also serves [[det]];%also serves;%serves as;%also serves at;%currently serves as;%also serves on;%currently serves [[det]];%also serves [[con]];%now serves as;%also serves to;%currently serves on;%now serves at;%serves for;%[[con]] serves in;%also serves as;%currently serves at;%serves at;%currently serves for;%also serves in;%also serves for;%serves to;%also serves [[num]];%now serves for;%serves [[con]];%currently serves;%currently serves to;%[[con]] serves on;%serves on;%currently serves [[con]];#organization#0.752#3#true"," #2568# #person#is professor emeritus at;%is professor emeritus at;%[[det]] professor emeritus of;%[[adj]] professor emeritus at;%is professor emeritus of;%[[det]] professor emeritus;%was professor emeritus at;%currently professor emeritus;%[[det]] professor emeritus at;%is professor emeritus;#university#0.752#3#true"," #4025# #person#[[det]] lecturer of;%[[det]] lecturer of;%lecturer at;%[[adj]] lecturer at;%[[det]] lecturer at;%[[con]] lecturer at;%was lecturer at;%[[det]] lecturer [[det]];%[[det]] lecturer on;%lecturer [[con]];%[[adj]] lecturer;#university#0.723#3#true"," #22028# #person#recruited to;%recruited to;%was recruited;%recruited from;%was recruited to;%was recruited by;%also recruited by;%was recruited from;%was recruited into;%was recruited [[con]];%recruited for;%recruited by;%recruited into;%been recruited by;%being recruited to;%then recruited to;%was recruited for;%being recruited by;%was recruited as;#organization#0.705#3#true"," #8946# #person#holds [[adj]];%holds [[adj]];%also holds from;%now holds [[det]];%also holds [[adj]];%currently holds;%also holds [[con]];%holds [[con]];%holds [[num]];%[[con]] holds [[det]];%currently holds [[det]];%holds from;%also holds;%[[con]] holds from;%also holds in;%[[con]] holds;%holds in;%also holds [[det]];%holds [[det]];#organization#0.688#3#true"," #6687# #person#[[con]] educated at;%[[con]] educated at;%was educated before;%educated at;%was educated [[det]];%was educated from;%was educated then;%be educated at;%educated [[con]];%was educated [[adj]];%was educated as;%[[adj]] educated at;%[[adj]] educated in;%was educated [[con]];%been educated at;%was educated [[num]];%been educated in;%was educated there;%was educated by;%was educated;%was educated first;%was educated at;%was educated for;#organization#0.667#3#false"," #226289# #person#laboratory at;%laboratory at;#university#1.0#2#true"," #29854# #person#accepted [[det]] chair at;%accepted [[det]] chair at;%accepted [[det]] chair in;#university#0.947#2#true"," #157640# #scientist#botany at;%botany at;#organization#0.944#2#false"," #30041# #person#accepted [[det]] offer;%accepted [[det]] offer;%accepted [[det]] offer of;%accepted [[det]] offer from;#organization#0.939#2#true"," #4902# #person#has received [[det]] [[adj]] doctorate from;%has received [[det]] [[adj]] doctorate from;%received [[det]] [[adj]] doctorate from;%received [[prp]] doctorate [[con]];%[[con]] received [[det]] [[adj]] doctorate from;%received [[prp]] doctorate from;%later received [[prp]] doctorate from;%also received [[det]] [[adj]] doctorate in;%received [[prp]] doctorate at;%received [[prp]] doctorate in;%received [[det]] doctorate from;%received [[det]] [[adj]] doctorate in;%received [[prp]] [[adj]] doctorate at;%received [[det]] doctorate at;%received [[prp]] [[adj]] doctorate from;%received [[det]] [[adj]] doctorate [[con]];%received [[det]] [[adj]] doctorate;%also received [[det]] [[adj]] doctorate from;%received [[adj]] doctorate from;%received [[det]] [[adj]] doctorate at;#organization#0.909#2#false"," #11703# #person#[[det]] position;%[[det]] position;%s position in;%[[det]] position with;%[[det]] position for;%[[det]] position in;%position at;%position in;%[[det]] position at;%s position;%[[adj]] position with;%[[adj]] position in;%[[adj]] position as;%[[det]] position to;%[[prp]] position at;%[[adj]] position at;#organization#0.898#2#true"," #9855# #person#met of;%met of;%met at;%[[adj]] met at;%met as;%whom met at;%had met at;%first met at;%[[con]] met at;%met while;%[[det]] met;#organization#0.897#2#false"," #25765# #person#graduated [[con]] later received from;%graduated [[con]] later received from;%received [[con]] graduated from;%graduated [[con]] received at;%graduated [[con]] received from;%graduated [[con]] received in;%graduated [[con]] then received from;#university#0.895#2"," #28888# #person#then spent [[det]] year at;%then spent [[det]] year at;%spent [[num]] year;%spent [[det]] [[adj]] year [[num]];%spent [[num]] year with;%spent [[det]] [[adj]] year at;%spent [[prp]] [[adj]] year at;%spent [[det]] year at;%spent [[det]] year with;%spent [[det]] year to;%spent [[det]] year as;%spent [[num]] year as;%spent [[num]] year at;%then spent [[num]] year at;%spent [[det]] [[adj]] year with;%spent [[det]] year for;%also spent [[det]] year at;%spent [[prp]] [[adj]] year;%spent [[det]] year [[det]];%spent [[det]] year [[num]];#organization#0.886#2"," #25189# #person#studied chemistry at;%studied chemistry at;%studied [[adj]] chemistry at;%studied chemistry [[con]];#organization#0.866#2"," #20221# #person#was brought in;%was brought in;%brought to;%brought [[pro]];%also brought from;%was brought back;%that brought to;%been brought up;%then brought to;%[[det]] brought;%brought [[det]];%brought about;%brought over;%was brought into;%brought [[adj]];%brought from;%brought into;%has brought [[prp]];%brought up;%was brought to;#organization#0.855#2"," #6897# #person#[[adj]] founder [[con]];%[[adj]] founder [[con]];%was founder of;%[[det]] founder of;%[[det]] founder [[det]];%founder of;%[[det]] founder [[con]];%was founder;%[[det]] founder;%founder [[con]];%is founder [[con]];%[[con]] founder of;%[[num]] founder of;%is founder of;%founder [[det]];%was founder [[con]];%[[adj]] founder of;#organization#0.853#2"," #269344# #person#taught before returning to;%taught before returning to;#organization#0.833#2"," #6124# #person#also established at;%also established at;%[[adj]] established [[pro]];%established on;%later established;%with established [[det]];%also established;%well established;%established [[det]];%established at;%has established [[pro]];%also established [[pro]];%also established [[det]];%established [[pro]];%established [[num]];%established [[adj]];%established of;%established [[con]];%[[con]] established [[det]];%also established [[con]];%established from;%had established [[pro]];#organization#0.827#2"," #9362# #person#of physics at;%of physics at;%physics at;%[[adj]] physics at;%in physics at;#organization#0.826#2"," #5495# #person#did for;%did for;%did much;%as did with;%did take;%later did from;%did from;%also did [[adj]];%did well;%did in;%did however;%did at;%[[det]] did;%did [[prp]];#organization#0.823#2"," #6068# #person#also completed from;%also completed from;%[[con]] completed from;%has completed at;%then completed at;%completed [[con]];%completed in;%completed at;%completed [[prp]];%[[det]] completed;%completed for;%then completed [[det]];%later completed at;%also completed at;%completed [[adj]];%has completed [[det]];%completed from;%completed [[det]];%completed [[pro]];%had completed;%also completed [[con]];%also completed;%[[con]] completed at;%later completed from;%also completed in;%then completed [[prp]];%also completed [[prp]];%then completed from;%also completed [[det]];#organization#0.816#2"," #20125# #person#was born [[con]];%was born [[con]];%born was;%born c;%[[det]] born;%born [[con]];%was born into;%born [[adj]];%born of;%born is;%of born;%was born from;#organization#0.815#2"," #17281# #person#also teaches [[adj]];%also teaches [[adj]];%also teaches;%teaches [[con]];%teaches [[det]];%currently teaches;%currently teaches [[con]];%teaches in;%now teaches;%[[con]] teaches at;%currently teaches [[det]];%also teaches at;%currently teaches at;%currently teaches in;%now teaches in;%teaches [[adj]];%now teaches at;%currently teaches [[adj]];%also teaches [[con]];%teaches at;%who teaches;%also teaches in;%also teaches [[det]];#organization#0.801#2"," #4627# #person#studied [[adj]] medicine at;%studied [[adj]] medicine at;%first studied medicine at;%[[con]] studied medicine at;%later studied medicine at;%also studied medicine at;%studied medicine at;%then studied medicine at;#university#0.79#2"," #5501# #person#had earned from;%had earned from;%earned in;%also earned from;%earned from;%then earned from;%later earned at;%earned at;%later earned from;%[[con]] earned from;%then earned in;%later earned in;%then earned at;%earned [[con]];#university#0.788#2"," #28022# #person#to teach [[con]];%to teach [[con]];%to teach in;%to teach;%to teach [[adj]];%teach at;%teach [[det]];%to teach [[det]];%to teach at;#organization#0.785#2"," #5145# #person#earned [[det]] degree in economics from;%earned [[det]] degree in economics from;%was born [[con]] received [[det]] degree from;%received [[det]] bachelor s degree [[det]];%earned [[prp]] bachelor s [[con]] master s degrees from;%graduated [[con]] earned [[det]] degree in;%received [[prp]] undergraduate degree [[con]];%earned [[det]] bachelor s degree [[con]] [[det]] master s degree from;%holds [[det]] bachelor s degree in [[adj]] engineering from;%received [[det]] bachelor s [[con]] master s degrees from;%[[prp]] bachelor s degree [[con]] received from;%graduated with [[det]] bachelor s degree [[con]];%[[det]] graduate [[con]] holds [[det]] master s degree from;%was born [[con]] received [[det]] [[adj]] degree from;%received [[prp]] undergraduate degree [[con]] served in;%graduated [[con]] earned [[det]] associate s degree from;%graduated [[con]] received [[det]] bachelor s degree from;%earned [[det]] bachelor s degree [[con]] received from;%attended [[con]] earned [[prp]] bachelor s degree from;%was born [[con]] received [[det]] bachelor s degree from;%attended [[con]] earned [[det]] degree at;%attended [[con]] earned [[det]] bachelor s degree from;%received [[det]] bachelor [[con]] [[det]] master from;%was born [[con]] received [[prp]] bachelor s degree from;%holds [[det]] bachelor s degree in [[adj]] science from;%has earned [[det]] master s degree from;%received [[det]] master s degree [[con]];%attended [[con]] received [[det]] law degree from;%holds [[det]] bachelor s degree;%graduated [[con]] received [[det]] bachelor from;%graduated [[con]] earned [[det]] degree;%later received [[det]] master s degree from;%also earned [[det]] law degree from;%received [[det]] bachelor s degree in;%[[det]] graduate [[con]] holds degree from;%graduated [[con]] earned [[det]] master s degree from;%earned [[prp]] law degree at;%graduated [[con]] received [[prp]] law degree from;%earned [[det]] bachelor s degree [[det]];%graduated [[con]] received [[det]] [[adj]] degree from;%graduated [[con]] earned [[det]] degree from;%received [[det]] law degree from;%then earned [[prp]] law degree at;%graduated [[con]] received degree from;%[[det]] bachelor s [[det]] master s degree from;%then earned [[det]] master s degree at;%earned [[det]] bachelor s degree [[num]];%also holds [[det]] master s degree in;%holds [[det]] bachelor s [[det]] master s degree in;%graduated [[con]] holds [[det]] master s degree from;%earned [[prp]] bachelor s degree at;%earned [[prp]] law degree from;%graduated [[con]] received [[prp]] degree;%received [[prp]] bachelor s degree in;%attended [[con]] earned [[prp]] law degree from;%received [[prp]] bachelor s degree at;%earned [[det]] masters degree in;%earned [[prp]] bachelor s [[con]] master s degrees at;%earned [[prp]] bachelor s degree;%received [[det]] bachelor s degree;%received [[prp]] bachelor s degree;%received [[det]] master s degree at;%received [[det]] bachelor s [[det]] law degree from;%received [[det]] bachelor s degree at;%then received [[det]] master s degree from;%earned [[det]] masters degree at;%was born [[con]] received degree from;%earned [[det]] associate s degree from;%received [[con]] [[det]] law degree from;%received [[prp]] bachelor s [[prp]] law degree from;%graduated [[con]] earned [[det]] law degree from;%holds [[det]] bachelor s degree from;%received [[prp]] bachelor degree at;%earned [[det]] bachelor degree [[con]] [[det]] master s;%earned bachelor s [[con]] master s degrees from;%graduated [[con]] earned [[prp]] law degree from;%earned [[det]] bachelor s degree;%attended [[con]] received [[prp]] bachelor s degree from;%earned [[prp]] bachelor s degree in economics from;%then earned [[det]] bachelor s degree from;%later earned [[det]] master s degree from;%graduated [[con]] received [[det]] master s degree from;%earned [[det]] degree [[con]] received from;%graduated [[con]] received [[prp]] master s degree from;%was born [[con]] received [[det]] degree in;%earned [[det]] masters degree from;%earned bachelor s degrees from;%[[con]] received [[det]] bachelor s degree from;%received [[prp]] bachelor s [[con]] master s degrees from;%holds [[det]] master s degree from;%received [[det]] bachelor degree from;%graduated [[con]] earned [[det]] law degree at;%earned [[det]] bachelor s degree [[con]];%also holds [[det]] master s degree from;%then received [[det]] law degree from;%earned [[prp]] bachelor s [[prp]] master s degree from;%received [[det]] bachelor s degree [[con]];%earned [[det]] master s degree in;%received [[det]] master s degree from;%[[det]] master s degree [[con]] has attended;%earned [[prp]] bachelor degree from;%earned [[det]] bachelor s degree from;%holds [[det]] bachelor s [[con]] master s degrees [[con]];%[[det]] bachelor s degree in [[adj]] engineering from;%earned [[prp]] bachelor s degree [[con]];%earned [[det]] bachelor s degree in;%earned [[det]] bachelor s degree at;%holds [[det]] bachelor s degree [[con]] [[det]] master s degree from;%received [[det]] [[adj]] law degree from;%then earned [[det]] law degree from;%received [[prp]] master s degree from;%graduated [[con]] earned [[prp]] degree from;%received [[det]] master s degree in;%received [[det]] bachelor s degree in economics from;%earned [[det]] master s degree at;%also earned [[det]] master s degree in;%graduated [[con]] received [[det]] law degree from;%earned [[det]] master s degree from;%graduated [[con]] earned degree from;%was born [[con]] received [[prp]] degree from;%then received [[prp]] master s degree from;%graduated [[con]] received [[prp]] [[adj]] degree from;%received [[det]] bachelor [[con]] [[det]] law degree from;%was born [[con]] received [[prp]] undergraduate degree from;%received [[prp]] undergraduate degree in;%earned [[det]] bachelor s [[det]] law degree from;%attended [[con]] received [[prp]] law degree from;%attended [[con]] earned [[det]] master s degree from;%attended [[con]] earned [[det]] degree from;%graduated [[con]] holds [[det]] bachelor s degree from;%received [[det]] bachelor s degree [[det]] master s;%graduated [[con]] received [[det]] degree from;%earned [[prp]] bachelor s degree [[det]];%attended [[con]] received [[det]] degree from;%received [[det]] bachelor s [[det]] master s degree from;%earned [[det]] master s degree [[con]];%earned [[prp]] bachelor s degree from;%graduated [[con]] earned [[det]] bachelor s degree from;%bachelor s [[con]] master s degrees [[con]];%earned [[det]] law degree from;%earned [[prp]] master s degree at;%received [[prp]] master s degree at;%earned [[prp]] bachelor s degree in;%received [[prp]] doctorate degree from;%received [[prp]] bachelor s degree [[con]];%received [[prp]] bachelor s degree from;%received [[det]] bachelor s degree from;%had received [[prp]] law degree from;%attended [[con]] earned [[det]] law degree from;%received [[prp]] bachelor s degree [[con]] [[prp]] doctorate from;%earned [[det]] bachelor degree from;%earned [[prp]] master s degree from;%[[det]] graduate [[con]] holds [[det]] degree from;%received [[det]] bachelor s degree in [[adj]] science from;%holds [[det]] bachelor s degree [[con]];%received [[det]] [[prp]] law degree from;%then earned [[det]] master s degree from;%received [[det]] degree in economics from;%received [[det]] [[adj]] doctorate degree from;%graduated [[con]] received [[prp]] undergraduate degree from;%attended [[con]] received [[det]] bachelor s degree from;%attended [[con]] received [[prp]] degree from;%holds [[det]] bachelor s degree in;%graduated [[con]] later received [[det]] master s degree from;%earned [[det]] law degree at;%also earned [[det]] master s degree from;%graduated [[con]] received [[prp]] degree from;%bachelor s [[con]] master s degrees from;%also received [[det]] master s degree from;%received [[prp]] bachelor s degree with;%received [[prp]] law degree from;%earned [[det]] economics degree from;%graduated [[con]] received [[prp]] bachelor s degree from;%received [[prp]] undergraduate degree from;%received [[det]] bachelor s degree [[con]] [[det]] master s degree from;%received [[prp]] undergraduate degree at;%[[num]] graduate [[con]] also holds [[det]] master s degree from;%earned [[prp]] bachelor s degree [[con]] masters from;#organization#0.779#2"," #7690# #person#was held while;%was held while;%[[con]] held at;%held [[num]];%then held;%also held [[det]];%has held with;%also held at;%then held [[adj]];%held from;%are held at;%has held at;%has held [[con]];%held back;%also held;%also held [[adj]];%[[det]] held;%has held;%held at;%held [[det]];%being held in;%[[con]] held [[adj]];%has held [[adj]];#organization#0.777#2"," #23188# #person#was promoted [[det]];%was promoted [[det]];%also promoted at;%promoted with;%then promoted [[det]];%was promoted in;%was promoted when;%were promoted as;%been promoted;%promoted [[con]];%[[det]] promoted;%be promoted to;%was promoted [[adj]];%then promoted to;%was promoted as;%then promoted at;%been promoted to;%was promoted to;%promoted in;%promoted [[det]];%was promoted [[con]];%was promoted with;%was promoted for;%been promoted by;%was promoted from;%was promoted at;#organization#0.772#2"," #7205# #person#[[adj]] faculty member of;%[[adj]] faculty member of;%[[adj]] member [[det]] faculty of;%[[det]] member [[det]] faculty [[det]];%[[adj]] faculty member [[det]];%[[det]] faculty member of;%[[det]] member [[det]] [[adj]] faculty of;%[[det]] faculty member at;%[[adj]] faculty member [[con]];%[[det]] faculty member [[det]];%[[det]] faculty member [[con]];%faculty member at;%[[det]] member of [[det]] faculty;%[[det]] faculty member [[num]];%[[adj]] faculty member at;%[[det]] member [[det]] faculty of;%[[det]] member of [[adj]] faculty at;%[[det]] faculty member in;%[[det]] member of [[det]] faculty at;%[[det]] member of faculty at;#organization#0.767#2"," #12671# #economist#[[adj]] professor of economics at;%[[adj]] professor of economics at;%was professor of economics at;%[[det]] professor of economics at;#university#0.748#2"," #7811# #person#[[det]] graduate;%[[det]] graduate;%graduate of;%[[num]] graduate [[det]];%[[det]] graduate in;%[[det]] graduate [[con]];%[[det]] graduate from;%[[adj]] graduate;%to graduate from;%[[num]] graduate [[con]];%[[num]] graduate;%[[det]] graduate of;%[[num]] graduate from;%graduate from;%[[num]] graduate of;%[[det]] graduate [[det]];%[[adj]] graduate of;%[[adj]] graduate from;#organization#0.746#2"," #16993# #person#spent [[prp]] career at;%spent [[prp]] career at;%spent [[prp]] [[adj]] career with;%spent most [[prp]] career [[con]];%spent [[prp]] [[adj]] career in;%spent [[prp]] career;%has spent much [[prp]] career in;%has spent [[prp]] [[adj]] career at;%then spent [[prp]] career for;%spent [[prp]] career for;%[[con]] spent [[prp]] [[adj]] career with;%spent [[prp]] [[adj]] career at;%spent most [[prp]] career;#organization#0.743#2"," #9563# #person#[[adj]] instructor at;%[[adj]] instructor at;%[[adj]] instructor in;%[[det]] instructor at;%instructor at;%[[adj]] instructor [[con]];#university#0.737#2"," #4083# #person#[[con]] lectured at;%[[con]] lectured at;%also lectured in;%has lectured;%lectured on;%has lectured at;%has lectured on;%has lectured [[con]];%lectured at;%also lectured;%lectured [[con]];%also lectured at;#organization#0.724#2"," #30577# #person#also served as [[det]] visiting professor at;%also served as [[det]] visiting professor at;%served as [[det]] visiting professor of;%has served as [[det]] visiting professor at;%served as [[det]] visiting professor [[con]];%served as [[det]] visiting professor at;%served [[con]] [[det]] visiting professor at;%served as visiting professor at;%also served as visiting professor at;#organization#0.566#2"," #5150# #person#has received [[num]] [[adj]] degrees from;%has received [[num]] [[adj]] degrees from;%received [[prp]] [[num]] degrees from;%has received [[adj]] degrees from;%[[con]] received [[adj]] degrees from;%received [[num]] [[adj]] degrees [[num]];%received degrees from;%received degrees at;%has received [[adj]] degrees [[con]];%received [[num]] degrees from;%received [[det]] degrees from;%received [[adj]] degrees;%has received [[adj]] degrees at;%also received [[num]] [[adj]] degrees from;%received [[adj]] degrees in;%also received [[adj]] degrees from;%has received degrees from;%received [[adj]] degrees [[con]];%received [[prp]] degrees from;%also received degrees from;%received [[con]] degrees from;%later received [[adj]] degrees from;%received [[det]] [[con]] degrees from;%received [[det]] degrees in;%received [[adj]] degrees from;%later received degrees from;#university#0.507#2"],0,7]