//OK[40,39,38,37,36,35,34,33,32,31,30,29,28,27,26,25,24,23,22,21,20,19,18,17,16,15,14,13,12,11,10,9,8,7,6,5,4,3,2,39,1,["[Ljava.lang.String;/2600011424"," #1023# #person#joined then;%joined then;%then joined on;%joined de;%joined side;%joined to;%joined becoming;%had joined;%had joined from;%joined now;%again joined [[det]];%was joined at;%who joined from;%[[con]] joined of;%joined [[adj]];%joined of;%then joined with;%later joined at;%has joined [[det]];%had joined side;%when joined;%joined before;%until joined [[det]];%of joined;%first joined;%first joined [[det]];%joined which;%[[con]] joined from;%[[adj]] joined;%joined from;%when joined [[det]];%where joined;%then joined of;%then joined then;%joined after;%was joined on;%joined [[pro]];%joined at;%joined when;%joined who;%later joined [[con]];%with joined;%instead joined;%instead joined [[det]];%before joined;%later joined;%then joined [[det]];%[[num]] joined [[det]];%joined that;%joined for;%where joined [[det]];%had joined [[det]];%while joined [[det]];%again joined;%joined [[num]];%[[pro]] joined [[det]];%was joined [[det]];%who joined [[det]];%joined later;%then joined [[con]];%later joined [[det]];%then joined [[adj]];%also joined [[det]];%with joined [[det]];%as joined;%[[con]] joined [[adj]];%[[adj]] joined [[det]];%who joined;%[[con]] joined;%has joined;%then joined [[num]];%first joined [[con]];%[[con]] joined [[det]];%[[con]] joined at;%joined s;%have joined [[det]];%then joined side;%joined [[prp]];%had joined of;%soon joined;%joined [[det]];%joined was;%then joined;%then joined to;%was joined in;%soon joined [[det]];%joined on;%until joined;#organization#0.818#10"," #14# #person#is president [[con]];%is president [[con]];%been president [[det]];%president [[det]];%is president [[det]];%[[con]] president of;%also president [[con]];%became president;%also president of;%[[det]] president of;%president of;%was president of;%is president;%been president of;%also president;%was president [[det]];%[[det]] president [[con]];%was president [[num]];%also nominated [[num]] people who confirmed by;%became president [[det]];%[[det]] president;%as president of;%[[det]] president [[det]];%became president of;%also president [[det]];%is president of;%then president of;%[[adj]] president at;%became president [[con]];%was president at;%[[det]] president [[adj]];%been president [[con]];%[[adj]] president for;%is president in;%[[adj]] president [[num]];%[[adj]] president of;%[[adj]] president [[det]];%becoming president of;%became president at;%[[num]] president of;%become president of;%president [[con]];%[[adj]] president [[con]];%become president;%then president [[det]];%also president in;%was president [[con]];%[[det]] president which;%was president;#organization#0.856#8"," #227073# #person#joined;%joined;#organization#0.904#7"," #1875# #person#had retired from;%had retired from;%[[con]] retired from;%is retired from;%[[det]] retired in;%when retired from;%was retired from;%retired from;%is retired;%retired [[det]];%[[det]] retired;%retired by;%until retired from;%retired at;%retired when;%retired as;%retired with;%retired [[con]];#organization#0.882#6"," #381# #person#be appointed of;%be appointed of;%[[con]] appointed as;%later appointed as;%was appointed before;%was appointed at;%[[det]] appointed;%[[con]] appointed [[pro]];%[[con]] appointed to;%then appointed [[num]];%was appointed [[det]];%[[con]] appointed of;%also appointed on;%appointed first;%being appointed at;%also appointed of;%had appointed to;%was appointed was;%also appointed [[det]];%was appointed [[adj]];%was appointed for;%of appointed;%nominated to serve as [[det]] judge of;%was appointed to;%also appointed to;%also appointed at;%was appointed as;%was appointed of;%later appointed of;%is appointed [[det]];%being appointed of;%again appointed to;%was appointed when;%instead appointed [[pro]];%appointed to;%is appointed [[con]];%then appointed [[pro]];%first appointed to;%appointed [[pro]];%also appointed [[con]];%is appointed at;%been appointed at;%being appointed to;%was appointed in;%been appointed in;%also appointed in;%then appointed at;%then appointed to;%also appointed as;%later appointed [[pro]];%was appointed on;%be appointed to;%then appointed [[adj]];%was appointed [[con]];%been appointed as;%later appointed at;%is appointed of;%[[adj]] appointed to;%later appointed [[det]];%was appointed [[num]];%again appointed of;%been appointed of;%then appointed of;%be appointed at;%appointed for;%been appointed for;%appointed of;%[[adj]] appointed as;%appointed [[prp]];%been appointed to;%being appointed as;%been appointed [[con]];%appointed at;#organization#0.769#6"," #17913# #person#remained at;%remained at;%has remained;%remained with;%[[con]] remained at;%also remained [[adj]];%remained there;%has remained [[adj]];%remained to;%has remained at;%remained of;%also remained of;%has remained with;%remained on;%remained for;%remained before;%remained [[det]];#organization#0.886#5"," #2584# #person#was professor [[num]];%was professor [[num]];%was professor of;%was professor [[con]];%[[det]] professor [[con]];%is professor [[con]];%[[det]] professor;%made professor at;%[[adj]] professor [[con]] professor at;%professor [[con]];%[[adj]] professor;%professor of;%was professor at;%[[det]] professor of;%was professor [[det]];%[[det]] professor from;%[[adj]] professor [[num]];%[[det]] professor for;%[[det]] professor at;%[[con]] professor of;%currently professor of;%became professor at;%[[det]] professor [[det]];%been professor at;%became professor;%professor at;%made professor in;%[[det]] professor [[num]];%[[det]] professor [[adj]];%[[con]] professor at;%is professor of;%currently professor at;%[[num]] professor of;%[[adj]] professor of;%[[adj]] professor [[det]];%was professor for;%[[adj]] professor at;%[[con]] professor in;%currently professor [[con]];%[[adj]] professor [[con]];#university#0.71#6"," #4969# #person#was hired by;%was hired by;%hired by;%then hired in;%being hired by;%hired from;%was hired [[det]];%been hired by;%also hired by;%hired on;%was hired on;%was hired for;%was hired from;%later hired at;%then hired by;%later hired by;%then hired as;%hired at;%was hired as;%hired for;%was hired at;#organization#0.874#4"," #1881# #person#then returned in;%then returned in;%returned [[det]];%returned [[con]];%[[det]] returned to;%[[con]] returned at;%returned against;%then returned for;%before returned to;%then returned;%returned to;%returned [[num]];%was returned by;%since returned to;%again returned to;%then returned at;%later returned;%was returned [[con]];%is returned to;%then returned where;%again returned [[con]];%returned at;%returned for;%[[num]] returned to;%[[con]] returned on;%returned on;%returned again;%returned was;%which returned to;%while returned to;%then returned with;%be returned to;%later returned to;%has returned to;%returned [[pro]];%then returned to;%returned with;%returned once;%until returned to;#organization#0.871#4"," #5723# #person#again named in;%again named in;%was named by;%named to;%be named of;%be named [[det]];%later named of;%named of;%was named on;%been named of;%was named [[con]];%also named to;%was named to;%being named of;%named as;%was named at;%also named [[det]];%been named to;%been named in;%been named [[det]];%been named as;%again named as;%been named [[con]];%is named of;%again named [[det]];%also named in;%of named;%was named for;%named by;%was named as;%was named of;%[[det]] named;%was named with;%twice named;%again named by;%named [[det]];%is named by;%been named by;%later named [[det]];%named at;%was named [[det]];%were named as;%is named as;%also named of;%also named for;%again named;%been named at;%also named [[con]];%also named at;%was named in;%then named [[det]];#organization#0.81#4"," #17344# #person#also serves [[det]];%also serves [[det]];%also serves;%serves as;%also serves at;%currently serves as;%also serves on;%currently serves [[det]];%also serves [[con]];%now serves as;%also serves to;%currently serves on;%now serves at;%serves for;%[[con]] serves in;%also serves as;%currently serves at;%serves at;%currently serves for;%also serves in;%also serves for;%serves to;%also serves [[num]];%now serves for;%serves [[con]];%currently serves;%currently serves to;%[[con]] serves on;%serves on;%currently serves [[con]];#organization#0.752#4"," #189253# #person#founded;%founded;#organization#0.971#3"," #17477# #person#resigned [[det]];%resigned [[det]];%resigned with;%had resigned as;%was resigned by;%[[con]] resigned from;%resigned for;%resigned by;%resigned from;%had resigned from;%resigned at;%resigned after;#organization#0.926#3"," #5067# #person#[[det]] work for;%[[det]] work for;%to work [[adj]];%[[mod]] work for;%[[det]] work [[con]];%s work for;%done work for;%work from;%work at;%to work among;%to work from;%[[adj]] work for;%to work [[det]];%work for;%found work at;%later work with;%[[adj]] work in;%[[mod]] work at;%[[det]] work in;%[[prp]] work at;%s work at;%[[adj]] work at;%[[adj]] work as;%to work for;%found work for;%to work at;#organization#0.848#3"," #5937# #person#also director of;%also director of;%became director;%director at;%[[det]] director at;%[[det]] director;%[[adj]] director at;%[[det]] director [[det]];%is director [[det]];%[[adj]] director [[con]];%is director at;%[[det]] director for;%become director of;%[[con]] director of;%[[adj]] director for;%director for;%became director at;%is director [[con]];%director to;%was director;%became director of;%[[con]] director [[det]];%as director of;%director of;%[[det]] director of;%became director for;%became director [[det]];%was director [[det]];%was director of;%director [[det]];%become director at;%was director for;%[[adj]] director of;%[[adj]] director [[det]];%is director of;%[[det]] director on;%[[adj]] director [[num]];%is director for;%become director;%[[det]] director [[con]];%was director [[con]];%then director of;%was director at;#organization#0.798#3"," #8881# #person#[[adj]] member from;%[[adj]] member from;%[[adj]] member [[con]];%[[det]] member until;%[[det]] member which;%[[adj]] member at;%[[det]] member as;%also member [[con]];%[[det]] member [[adj]];%[[adj]] member [[adj]];%[[det]] member s;%[[det]] member;%[[det]] member has;%[[det]] member [[det]];%was member in;%[[det]] member when;%member of;%was member [[con]];%was member at;%was member of;%member in;%[[adj]] member in;%[[adj]] member as;%[[adj]] member for;%is member [[det]];%member [[det]];%was member [[num]];%[[det]] member for;%also member of;%was member [[det]];%[[adj]] member [[det]];%[[adj]] member [[num]];%[[det]] member [[con]];%[[num]] member of;%[[con]] member of;%was member for;%is member [[con]];%[[adj]] member of;%[[adj]] member during;%member [[num]];%became member [[det]];%[[det]] member of;%[[con]] member [[con]];%[[det]] member from;%[[det]] member who;%is member of;%became member for;%of member;%[[adj]] member on;%[[det]] member at;%[[det]] member on;%became member of;%[[con]] member [[det]];%[[det]] member to;%[[det]] member [[num]];%as member of;#organization#0.686#3"," #27470# #person#succeeds as president [[det]] parent company of;%succeeds as president [[det]] parent company of;%succeeds as president of [[det]] company;#company#0.96#2"," #24425# #person#s departure for;%s departure for;%departure from;%s departure;%departure to;%s departure to;%s departure from;#organization#0.925#2"," #11537# #person#was pastor of;%was pastor of;%[[adj]] pastor of;%[[det]] pastor of;%became pastor;%became pastor of;%was pastor [[con]];%[[adj]] pastor;%[[adj]] pastor at;%pastor [[det]];%pastor at;%pastor of;#artifact#0.912#2"," #747# #person#was working at;%was working at;%[[adj]] working;%[[det]] working;%currently working at;%currently working for;%been working [[det]];%[[num]] working for;%in working with;%also working for;%currently working as;%working at;%[[adj]] working for;%currently working from;%is working at;%then working for;%still working for;%while working for;%currently working;%now working at;%be working for;%now working as;%currently working in;%currently working towards;%was working as;%while working at;%is working as;%is working;%was working for;%at working;%been working at;%in working for;%working for;%[[det]] working at;%now working for;%is working for;%been working for;#organization#0.906#2"," #19620# #person#on coverage of;%on coverage of;%[[det]] coverage;%on coverage;%for coverage;%coverage for;#organization#0.898#2"," #3389# #person#[[con]] left [[det]];%[[con]] left [[det]];%[[con]] left to;%soon left to;%left when;%was left with;%then left;%had left for;%left take;%since left;%then left for;%left [[det]];%have left [[det]];%so left;%then left to;%who left [[det]];%left for;%[[det]] left of;%had left [[adj]];%when left [[det]];%left [[adj]];%left is;%soon left [[det]];%since left [[det]];%also left;%left at;%left go;%had left [[det]];%later left [[det]];%just left;%left [[con]];%never left [[det]];%left s;%left while;%has left [[det]];%left as;%left of;%had left;%left [[num]];%has left [[con]];%has left;%then left [[det]];%then left [[con]];%just left for;%[[det]] left;%had left [[con]];%was left out;%left to;%later left for;%later left;%left because;%[[num]] left;#organization#0.864#2"," #6897# #person#[[adj]] founder [[con]];%[[adj]] founder [[con]];%was founder of;%[[det]] founder of;%[[det]] founder [[det]];%founder of;%[[det]] founder [[con]];%was founder;%[[det]] founder;%founder [[con]];%is founder [[con]];%[[con]] founder of;%[[num]] founder of;%is founder of;%founder [[det]];%was founder [[con]];%[[adj]] founder of;#organization#0.853#2"," #82# #person#to join;%to join;%became head of;%[[mod]] join up;%[[adj]] head [[det]];%[[mod]] join [[adj]];%to head;%became head at;%[[det]] head in;%[[mod]] join;%was head [[det]];%is head of;%head of;%was head [[con]];%[[adj]] head of;%[[det]] matter to prevent [[det]] issue [[prp]] position as;%become head of;%was head at;%then head of;%to join [[num]];%[[adj]] head;%to head at;%to join [[adj]];%became head for;%made head at;%become head at;%as head of;%[[det]] head [[con]];%was head of;%to join at;%was head;%was head to;%made head of;%became head [[det]];%[[det]] head at;%[[det]] join;%[[det]] head [[det]];%to join [[det]];%[[adj]] head [[con]];%head to;%later join [[det]];%to head [[det]];%is head [[det]];%[[adj]] head at;%[[det]] head of;%[[mod]] join [[det]];%to join up;%was head for;%[[mod]] join at;%[[con]] head of;%head at;%became head;%is head at;%[[det]] head;#organization#0.849#2"," #12144# #person#[[det]] seat in;%[[det]] seat in;%[[det]] seat on;%s seat;%s seat in;%[[det]] seat;%[[adj]] seat in;%s seat of;%seat of;%[[adj]] seat of;#organization#0.844#2"," #19443# #person#currently works as;%currently works as;%currently works at;%works for;%[[det]] works;%works at;%now works as;%currently works [[con]];%also works with;%now works for;%s works which;%currently works on;%also works for;%now works at;%also works as;%also works at;%currently works with;%also works;%currently works for;#organization#0.837#2"," #1827# #person#reported at;%reported at;%was reported as;%[[det]] reported;%reported to;%was reported in;%then reported from;%then reported to;%reported for;%reported [[adj]];%been reported on;%is reported by;%was reported by;%also reported for;%reported in;#artifact#0.821#2"," #4011# #person#was lecturer in;%was lecturer in;%was lecturer;%was lecturer at;%[[det]] lecturer [[det]];%[[det]] lecturer [[con]];%lecturer in;%[[adj]] lecturer [[con]];%[[det]] lecturer;%lecturer at;%[[det]] lecturer of;%[[adj]] lecturer at;%[[det]] lecturer at;%[[con]] lecturer at;%[[adj]] lecturer [[det]];%[[adj]] lecturer in;%[[det]] lecturer on;%[[det]] lecturer in;%[[adj]] lecturer;#organization#0.814#2"," #9695# #person#been involved in;%been involved in;%was involved for;%also involved in;%been involved with;%be involved in;%been involved as;%also involved for;%[[adj]] involved;%became involved at;%involved with;%became involved;%was involved by;%be involved with;%is involved;%involved at;%was involved [[adj]];%was involved to;%also involved with;%also involved [[con]];%was involved in;%involved in;%which involved;%became involved as;%became involved for;%became involved in;%is involved in;%was involved with;%is involved with;%been involved at;%been involved;%was involved on;%involved [[pro]];%been involved [[num]];%that involved [[det]];%is involved [[con]];%became involved with;#organization#0.81#2"," #17281# #person#also teaches [[adj]];%also teaches [[adj]];%also teaches;%teaches [[con]];%teaches [[det]];%currently teaches;%currently teaches [[con]];%teaches in;%now teaches;%[[con]] teaches at;%currently teaches [[det]];%also teaches at;%currently teaches at;%currently teaches in;%now teaches in;%teaches [[adj]];%now teaches at;%currently teaches [[adj]];%also teaches [[con]];%teaches at;%who teaches;%also teaches in;%also teaches [[det]];#organization#0.801#2"," #4564# #person#had served under;%had served under;%also served against;%then served [[num]];%later served [[con]];%has served as;%[[con]] served to;%later served;%[[adj]] served for;%then served as;%served was;%[[con]] served;%[[con]] served [[num]];%has served [[con]];%had served as;%has served twice;%twice served as;%also served where;%[[con]] served with;%also served;%have served with;%had served [[con]];%served when;%[[con]] served when;%[[num]] served on;%served also;%first served as;%when served as;%[[con]] served where;%first served;%of served;%then served under;%served before;%first served [[con]];%served until;%was served as;%served while;%also served along;%have served as;%had served on;%also served [[num]];%also served [[con]];%then served;%served becoming;%also served twice;%where served under;%[[det]] served as;%[[num]] served;%then served until;%then served before;%served twice;%served after;%has served by;%served by;%while served as;%served again;%[[adj]] served;%served [[num]];%also served when;%also served as;%served first;%served where;%also served after;%formerly served as;%later served from;%who served under;%[[con]] served under;%served then;%again served as;%served as;%again served under;%served under;%who served as;%where served;%once served as;%then served to;%has served to;%have served;%later served under;%[[con]] served as;%had served;%when served;%which served;%where served as;%later served as;%served along;%served [[prp]];%served against;%whom served;%has served;%[[pro]] served as;%served to;%where served to;%also served to;%while served;%[[adj]] served as;%also served under;%who served;%has served under;%served [[con]];%served [[adj]];%have served in;#person#0.799#2"," #16842# #person#[[adj]] teaching at;%[[adj]] teaching at;%been teaching;%was teaching at;%[[adj]] teaching;%been teaching at;%currently teaching at;%teaching at;#university#0.794#2"," #9755# #person#manager at;%manager at;%manager of;%become manager at;%[[adj]] manager at;%was manager at;%was manager of;%[[adj]] manager of;%was manager in;%[[adj]] manager for;%[[det]] manager;%[[adj]] manager [[det]];%[[det]] manager [[con]];%[[det]] manager of;%manager to;%as manager of;%become manager;%[[adj]] manager in;%became manager at;%manager [[con]];%manager for;%[[adj]] manager with;%then manager of;%[[det]] manager [[det]];%[[det]] manager with;%[[adj]] manager [[con]];%[[det]] manager at;%become manager of;%became manager of;%[[det]] manager in;%[[det]] manager for;#organization#0.768#2"," #5355# #person#[[adj]] dean of;%[[adj]] dean of;%[[det]] dean at;%became dean of;%became dean at;%was dean at;%dean of;%was dean of;%[[det]] dean [[det]];%[[det]] dean of;%was dean [[det]];%dean [[det]];%was dean;%[[adj]] dean at;%[[adj]] dean [[det]];#organization#0.763#2"," #6783# #person#was editor;%was editor;%became editor [[con]];%was editor [[con]];%became editor of;%[[adj]] editor [[det]];%[[adj]] editor of;%[[det]] editor [[det]];%[[det]] editor at;%was editor of;%was editor with;%editor at;%as editor of;%editor for;%[[con]] editor of;%editor of;%[[adj]] editor [[num]];%is editor of;%also editor of;%[[adj]] editor for;%[[adj]] editor at;%[[det]] editor for;%[[det]] editor of;%also editor [[con]];#publication#0.756#2"," #4360# #person#has worked to;%has worked to;%then worked for;%has worked for;%also worked [[det]];%later worked [[con]];%also worked from;%first worked at;%[[con]] worked again;%first worked for;%also worked [[adj]];%has worked [[con]];%again worked for;%[[num]] worked for;%s worked with;%also worked at;%worked at;%also worked;%worked until;%had worked as;%who worked for;%formerly worked for;%worked out;%also worked for;%worked also;%have worked at;%since worked for;%first worked;%later worked at;%also worked as;%[[con]] worked at;%worked [[det]];%worked when;%[[con]] worked [[con]];%worked before;%worked for;%then worked as;%worked there;%had worked for;%had worked at;%had worked in;%has worked [[det]];%worked mostly;%also worked [[con]];%worked then;%worked [[prp]];%worked was;%worked [[num]];%s worked;%[[con]] worked as;%had worked out;%later worked as;%later worked for;%since worked with;%then worked at;%[[con]] worked for;%first worked [[con]];%worked first;%worked [[adj]];%[[adj]] worked at;%who worked at;%[[pro]] worked with;%then worked before;%later worked to;%worked from;%worked mainly;%who worked in;%worked [[con]];%has worked at;%that worked for;%s worked for;%later worked on;%then worked;%has worked;#organization#0.741#2"," #217142# #person#left;%left;#organization#0.642#2"," #4038# #writer#[[det]] columnist;%[[det]] columnist;%[[det]] columnist for;%[[adj]] columnist;%[[det]] columnist [[con]];%[[adj]] columnist for;#artifact#0.616#2"," #70# #person#taught at;%taught at;%first taught at;%also taught to;%taught [[adj]];%has taught [[det]];%later taught;%has taught as;%[[con]] taught at;%also taught at;%taught [[con]];%has taught;%also taught as;%had taught at;%taught from;%taught [[det]];%taught [[num]];%then taught at;%later taught at;%also taught [[det]];%has taught [[con]];%has taught at;%recently retired professor emeritus prior to had taught at;%has taught for;%also taught [[con]];#university#0.551#2"],0,7]